algorithm,noise_fraction,k,changed_objects,mean_euclidean_error,algorithm_objective
kmeans,0,3,0,1.8674687184214473,3700.557848801197
kmeans,0,4,0,1.7442190906934614,3231.826241175476
kmeans,0,5,0,1.6426581967660507,2868.9621171594636
kmeans,0,6,0,1.5816611253441357,2604.9441805986335
kmeans,0,7,0,1.5176221140947324,2410.0469124130827
kmeans,0,8,0,1.4817834100427354,2267.1804053966407
kmeans,0,9,0,1.4468289222310358,2156.895439850019
kmedoids,0,3,0,1.9103844339782636,1623.826768881524
kmedoids,0,4,0,1.7737055537448743,1507.6497206831432
kmedoids,0,5,0,1.7041467675705986,1448.5247524350088
kmedoids,0,6,0,1.625227800765011,1381.4436306502594
kmedoids,0,7,0,1.5856751291906044,1347.8238598120138
kmedoids,0,8,0,1.5505976875162504,1318.0080343888128
kmedoids,0,9,0,1.5040380361734491,1278.4323307474317
kmeans,0.01,3,8,1.8692590564944582,3705.5611394556267
kmeans,0.01,4,8,1.7467063302246295,3237.7467945691214
kmeans,0.01,5,8,1.6524922623264884,2880.6988532097794
kmeans,0.01,6,8,1.5776499645988962,2601.7815548797953
kmeans,0.01,7,8,1.5144301491186627,2404.289833989339
kmeans,0.01,8,8,1.483113767029263,2272.3596659320574
kmeans,0.01,9,8,1.4532271509976111,2161.9036672839416
kmedoids,0.01,3,8,1.910746214085045,1624.1342819722884
kmedoids,0.01,4,8,1.7950613080965907,1525.802111882102
kmedoids,0.01,5,8,1.7047676383834802,1449.0524926259582
kmedoids,0.01,6,8,1.6268855318768778,1382.852702095346
kmedoids,0.01,7,8,1.5875086381419903,1349.3823424206917
kmedoids,0.01,8,8,1.5448422050750266,1313.1158743137726
kmedoids,0.01,9,8,1.496538591796546,1272.057803027064
kmeans,0.03,3,26,1.8698503286938801,3706.617106197162
kmeans,0.03,4,26,1.7432621576851735,3239.885948333351
kmeans,0.03,5,26,1.6407534091818343,2879.6762498748817
kmeans,0.03,6,26,1.580041148979755,2607.2148188939427
kmeans,0.03,7,26,1.5149168867033365,2415.7634573075356
kmeans,0.03,8,26,1.4867581869001558,2279.9601238771706
kmeans,0.03,9,26,1.4408865156243842,2157.3079406350867
kmedoids,0.03,3,26,1.913547541939724,1626.5154106487655
kmedoids,0.03,4,26,1.7733197985303375,1507.3218287507868
kmedoids,0.03,5,26,1.7046569653018782,1448.9584205065964
kmedoids,0.03,6,26,1.6493288224883633,1401.929499115109
kmedoids,0.03,7,26,1.5925548238850762,1353.6716003023148
kmedoids,0.03,8,26,1.5510431238292275,1318.3866552548434
kmedoids,0.03,9,26,1.5150609009224267,1287.8017657840628
kmeans,0.05,3,42,1.8682756904274096,3741.490159493264
kmeans,0.05,4,42,1.7600769864743366,3272.174699380565
kmeans,0.05,5,42,1.647062150903945,2902.7524478925975
kmeans,0.05,6,42,1.588208627209516,2626.0527025586916
kmeans,0.05,7,42,1.5219961410664233,2428.781962702991
kmeans,0.05,8,42,1.4917204630444731,2295.374094787455
kmeans,0.05,9,42,1.4520276705797295,2182.6357111742564
kmedoids,0.05,3,42,1.9282290709537253,1638.9947103106665
kmedoids,0.05,4,42,1.791892832762265,1523.1089078479251
kmedoids,0.05,5,42,1.7169557254786811,1459.412366656879
kmedoids,0.05,6,42,1.6446476509748305,1397.950503328606
kmedoids,0.05,7,42,1.593461162501703,1354.4419881264475
kmedoids,0.05,8,42,1.5782045150399464,1341.4738377839544
kmedoids,0.05,9,42,1.5343438020373714,1304.1922317317658
kmeans,0.1,3,85,1.8926972270574962,3788.9089095844392
kmeans,0.1,4,85,1.7680381548213484,3303.627166293927
kmeans,0.1,5,85,1.6691176022674523,2935.101665071516
kmeans,0.1,6,85,1.6016561013375314,2673.4751243127776
kmeans,0.1,7,85,1.5402256886392007,2467.8804140277057
kmeans,0.1,8,85,1.5054131664298156,2339.608731170514
kmeans,0.1,9,85,1.4771272814060774,2232.485339032183
kmedoids,0.1,3,85,1.934035887194556,1643.9305041153725
kmedoids,0.1,4,85,1.7993391851642109,1529.4383073895792
kmedoids,0.1,5,85,1.7395424601814984,1478.6110911542737
kmedoids,0.1,6,85,1.6734519302208815,1422.4341406877493
kmedoids,0.1,7,85,1.619306886482096,1376.4108535097816
kmedoids,0.1,8,85,1.5765520587712774,1340.0692499555857
kmedoids,0.1,9,85,1.5412878869468707,1310.0947039048401
