CustomerId,Age,Education,YearsEmployed,Income,CardDebt,OtherDebt,DebtIncomeRatio,Cluster
1,41.0,2.0,6.0,19.0,0.124,1.073,6.3,3
2,47.0,1.0,26.0,100.0,4.582,8.218,12.8,5
3,33.0,2.0,10.0,57.0,6.111000000000001,5.8020000000000005,20.9,2
4,29.0,2.0,4.0,19.0,0.6809999999999999,0.516,6.3,3
5,47.0,1.0,31.0,253.0,9.308,8.908,7.2,1
6,40.0,1.0,23.0,81.0,0.998,7.831,10.9,5
7,38.0,2.0,4.0,56.0,0.442,0.45399999999999996,1.6,3
8,42.0,3.0,0.0,64.0,0.27899999999999997,3.945,6.6,4
9,26.0,1.0,5.0,18.0,0.575,2.215,15.5,3
10,47.0,3.0,23.0,115.0,0.653,3.947,4.0,5
11,44.0,3.0,8.0,88.0,0.285,5.083,6.1,4
12,34.0,2.0,9.0,40.0,0.374,0.266,1.6,3
13,24.0,1.0,7.0,18.0,0.526,0.643,6.5,3
14,46.0,1.0,6.0,30.0,1.415,3.865,17.6,2
15,28.0,3.0,2.0,20.0,0.233,1.6469999999999998,9.4,4
16,24.0,1.0,1.0,16.0,0.185,1.287,9.2,3
17,29.0,1.0,1.0,17.0,0.132,0.293,2.5,3
18,43.0,4.0,1.0,26.0,1.5190000000000001,1.237,10.6,4
19,44.0,1.0,18.0,61.0,2.806,3.782,10.8,5
20,36.0,1.0,16.0,32.0,0.544,2.944,10.9,5
21,29.0,2.0,6.0,25.0,0.585,0.465,4.2,3
22,36.0,3.0,10.0,43.0,0.961,4.629,13.0,4
23,28.0,3.0,6.0,47.0,5.574,3.7319999999999998,19.8,2
24,45.0,1.0,19.0,77.0,2.303,4.165,8.4,5
25,37.0,4.0,10.0,123.0,3.022,18.257,17.3,1
26,43.0,1.0,9.0,66.0,2.3409999999999997,3.467,8.8,5
27,24.0,1.0,4.0,21.0,0.099,0.447,2.6,3
28,37.0,1.0,19.0,38.0,2.591,2.539,13.5,5
29,38.0,2.0,13.0,59.0,0.408,1.008,2.4,5
30,34.0,2.0,9.0,45.0,1.1179999999999999,3.427,10.1,3
31,40.0,3.0,18.0,100.0,1.485,1.015,2.5,5
32,42.0,2.0,12.0,55.0,2.533,5.7170000000000005,15.0,2
33,23.0,2.0,0.0,42.0,1.0190000000000001,0.619,3.9,3
34,40.0,3.0,5.0,28.0,1.263,1.537,10.0,4
35,28.0,1.0,12.0,45.0,1.854,1.611,7.7,3
36,33.0,2.0,5.0,37.0,1.0290000000000001,2.4745199039634427,8.4,3
37,35.0,3.0,5.0,37.0,0.581,1.4169999999999998,5.4,4
38,37.0,1.0,0.0,18.0,1.584,0.738,12.9,3
39,22.0,1.0,1.0,18.0,0.27,0.522,4.4,3
40,39.0,3.0,16.0,126.0,1.405,7.162999999999999,6.8,5
41,20.0,1.0,4.0,14.0,0.201,1.157,9.7,3
42,48.0,3.0,17.0,113.0,3.3760000000000003,10.184,12.0,1
43,28.0,2.0,5.0,34.0,3.0989999999999998,4.993,23.8,2
44,37.0,5.0,9.0,177.0,0.888,9.555,5.9,4
45,48.0,1.0,3.0,27.0,1.403,4.348,21.3,2
46,45.0,3.0,9.0,84.0,1.276,9.728,13.1,5
47,22.0,1.0,4.0,14.0,0.225,2.225,17.5,3
48,30.0,1.0,4.0,21.0,0.22899999999999998,0.506,3.5,3
49,28.0,1.0,3.0,19.0,0.261,0.518,4.1,3
50,29.0,2.0,10.0,61.0,0.7979999999999999,2.984,6.2,3
51,47.0,1.0,22.0,81.0,1.506,2.949,5.5,5
52,42.9262921396085,1.0,11.0,33.0,1.266,9.459,32.5,2
53,24.0,1.0,3.0,19.0,1.358,3.278,24.4,2
54,56.0,1.0,19.0,66.0,0.847,1.331,3.3,5
55,29.0,3.0,5.0,70.0,3.176,10.754000000000001,19.9,2
56,34.0,1.0,2.0,23.126241884790407,0.9092106529538598,6.132035928422578,12.6,3
57,32.0,1.0,1.0,20.0,0.315,0.645,4.8,3
58,27.0,3.0,2.0,26.0,0.722,0.838,6.0,4
59,40.0,1.0,9.0,64.0,0.79,3.4339999999999997,6.6,5
60,50.0,1.0,11.0,36.0,0.835,0.893,4.8,5
61,39.0,1.0,17.0,60.0,2.45,5.77,13.7,5
62,34.0,1.0,18.0,34.0,2.1,3.136,15.4,5
63,36.0,1.0,18.0,67.0,5.245,2.259,11.2,5
64,40.6780097792784,1.5532389253194996,15.34999677918684,29.309508408292146,4.522,3.839699345787392,5.839108857702299,5
65,24.0,2.0,4.0,20.0,0.324,0.41600000000000004,3.7,3
66,31.0,1.0,8.0,44.0,1.7209999999999999,1.7990000000000002,8.0,3
67,32.50551704419764,-0.18995157375579508,16.597838343663163,107.34121113108417,2.0494332918296023,-1.5586153291201927,3.204717502728779,5
68,26.0,1.0,4.0,27.0,2.472,0.363,10.5,3
69,33.81856104162251,-0.11861076103091261,11.634440504472483,49.24475257743316,2.5432922556540483,1.8498736952730461,14.7,3
70,24.0,1.0,3.0,14.0,0.838,1.416,16.1,3
71,30.0,3.0,8.0,61.0,0.55,1.158,2.8,4
72,40.0,4.0,5.0,75.0,0.885,0.54,1.9,4
73,29.929426416321164,1.8498840196496467,10.840509137274488,98.0,2.935,2.5883251018859896,1.5188229757440617,5
74,23.981840247214393,1.9261988719667404,5.6888653384694425,22.575406850588035,3.366,4.344513049365131,17.725062525793703,2
75,29.0,1.0,9.0,33.0,0.6940000000000001,0.89,4.8,3
76,33.0,1.0,5.0,18.0,0.985,1.337,12.9,3
77,43.0,1.0,8.0,45.0,0.677,0.8079999999999999,3.3,3
78,35.0,2.0,1.0,21.0,0.37,1.2890000000000001,7.9,3
79,41.0,2.0,21.0,145.0,3.237,14.453,12.2,1
80,46.0,2.0,18.0,55.0,0.419,2.001,4.4,5
81,33.0,1.0,12.0,68.0,1.3659999999999999,5.978,10.8,5
82,30.0,3.0,0.0,65.0,3.9,15.405,29.7,2
83,40.0,3.0,18.0,157.0,3.326,7.0360000000000005,6.6,5
84,38.0,1.0,1.0,42.0,0.8909999999999999,2.931,9.1,3
85,49.0,2.0,11.0,51.0,0.5429999999999999,7.107,15.0,5
86,26.0,1.0,0.0,15.0,0.386,0.424,5.4,3
87,22.0,4.0,0.0,25.0,1.4909999999999999,1.5590000000000002,12.2,4
88,29.0,2.0,2.0,16.0,0.433,1.247,10.5,3
89,28.0,2.0,8.0,31.0,1.492,1.05,8.2,3
90,23.0,4.0,0.0,32.0,0.818,5.07,18.4,4
91,37.0,2.0,11.0,75.0,0.633,1.992,3.5,5
92,35.0,2.0,5.0,33.0,0.10300000000000001,0.821,2.8,3
93,31.0,1.0,1.0,21.0,0.27699999999999997,0.248,2.5,3
94,29.0,1.0,1.0,20.0,0.569,3.1510000000000002,18.6,2
95,34.0,3.0,7.0,27.0,0.125,0.469,2.2,4
96,47.0,2.0,7.0,49.0,0.254,0.187,0.9,5
97,37.0,1.0,5.0,27.0,0.419,2.119,9.4,3
98,38.0,1.0,10.0,34.0,0.036000000000000004,0.37200000000000005,1.2,3
99,32.0,2.0,5.0,28.0,2.594,1.55,14.8,2
100,22.0,3.0,0.0,20.0,0.21899999999999997,0.721,4.7,4
101,29.329225152968377,1.3786727961468368,7.0,33.0,1.165,7.875474806286808,25.4,2
102,38.0,4.0,13.0,126.0,7.6129999999999995,9.649,13.7,1
103,36.0,1.0,20.0,60.0,1.056,2.184,5.4,5
104,44.0,1.0,5.0,48.0,1.97,2.35,9.0,3
105,27.0,2.0,4.0,22.0,1.0859999999999999,1.818,13.2,3
106,47.0,1.0,19.0,50.0,3.176,11.874,30.1,2
107,41.0,1.0,7.0,32.0,0.07200000000000001,0.856,2.9,3
108,25.0,1.0,8.0,27.0,1.0190000000000001,2.8689999999999998,14.4,3
109,33.0,2.0,10.0,54.0,0.12,1.5,3.0,3
110,43.26821136443759,3.0,13.0,82.0,0.6201027194620855,3.439021140195025,0.8519232946555779,5
111,36.0,1.0,14.0,53.0,1.8880000000000001,1.133,5.7,5
112,25.0,4.0,0.0,32.0,2.14,3.492,17.6,4
113,30.0,1.0,10.0,39.0,2.056,1.649,9.5,3
114,24.0,1.0,0.0,16.0,1.0090000000000001,1.551,16.0,3
115,32.0,1.0,7.0,23.0,0.861,1.393,9.8,3
116,39.0,2.0,9.0,32.0,1.43,0.682,6.6,3
117,30.0,1.0,4.0,18.0,0.22699999999999998,1.699,10.7,3
118,33.0,1.0,16.0,46.0,2.4,1.3259999999999998,8.1,5
119,32.0,2.0,12.0,63.0,5.55,5.916,18.2,2
120,33.0,1.0,7.0,26.0,0.5429999999999999,1.0170000000000001,6.0,3
121,29.0,2.0,6.0,21.0,0.369,2.046,11.5,3
122,28.0,2.0,5.0,37.0,1.124,1.9469999999999998,8.3,3
123,33.0,4.0,9.0,32.0,0.496,1.264,5.5,4
124,39.0,2.0,16.0,53.0,0.6940000000000001,1.2670000000000001,3.7,5
125,32.0,1.0,10.0,42.0,1.54,2.282,9.1,3
126,46.0,1.0,9.0,72.0,0.828,2.772,5.0,5
127,33.39721425798969,2.287059482991303,3.6276882863161863,39.1595968887235,0.429,-0.018963389357428584,1.9,3
128,28.0,2.0,5.0,25.0,0.33899999999999997,0.386,2.9,3
129,26.0,1.0,2.0,21.0,1.023,3.135,19.8,2
130,27.0,1.0,0.0,16.0,0.183,0.08900000000000001,1.7,3
131,35.0,1.0,16.0,36.0,0.179,1.045,3.4,3
132,35.0,1.0,16.0,57.0,1.143,4.842,10.5,5
133,31.0,2.0,6.0,25.0,2.332,0.5429999999999999,11.5,3
134,32.72039224673852,3.1654521971800698,5.0,49.17820738653441,1.2131355069554846,0.7090000000000001,5.238692492417712,4
135,29.0,1.0,9.0,25.0,1.07,2.405,13.9,3
136,35.0,4.0,4.0,29.0,1.844,1.3459999999999999,11.0,4
137,43.818730267821934,2.182122270971429,21.0,50.73641071522299,0.006747148500442973,2.4626191104615938,2.793911185794589,5
138,24.0,1.0,4.0,19.0,1.185,0.905,11.0,3
139,44.0,1.0,12.0,31.0,0.358,2.6489999999999996,9.7,5
140,40.0,2.0,5.0,35.0,1.584,4.156000000000001,16.4,2
141,36.0,2.0,13.0,41.0,2.918,3.806,16.4,2
142,23.0,2.0,0.0,21.0,0.455,1.3719999999999999,8.7,3
143,26.0,2.0,8.0,40.0,0.444,4.276,11.8,3
144,31.540543420643555,1.5167462145995256,8.234990277662833,20.474266595459568,1.1325033085020404,5.311598681224201,18.973968407208737,2
145,34.0,1.0,12.0,68.0,7.817,9.251,25.1,2
146,28.0,3.0,2.0,30.0,1.5219999999999998,4.448,19.9,2
147,37.0,1.0,18.0,58.0,2.8680000000000003,3.1060000000000003,10.3,5
148,46.0,3.0,3.0,43.0,3.042,2.634,13.2,4
149,24.0,2.0,1.0,42.0,0.838,1.556,5.7,3
150,25.0,2.0,6.0,26.0,0.07,1.1,4.5,3
151,33.0,1.0,14.0,37.0,0.19899999999999998,0.763,2.6,3
152,46.0,1.0,7.0,41.0,0.585,9.009,23.4,2
153,38.0,3.0,4.0,31.0,1.3319999999999999,1.551,9.3,4
154,47.0,1.0,3.0,21.0,0.068,3.1660000000000004,15.4,3
155,34.0,2.0,9.0,65.0,2.108,1.922,6.2,3
156,35.0,1.2544057326347389,16.0,37.0,4.213,2.151,17.2,2
157,39.0,1.0,22.0,113.0,0.987,1.9509999999999998,2.6,5
158,44.0,1.0,24.0,101.0,2.992,2.6639999999999997,5.6,5
159,28.0,2.0419527804478093,1.772997423106852,27.400835970502776,0.18605866655084102,7.041676549334233,23.401963278529887,2
160,32.80062007660306,3.353707199150115,9.0,69.4222962224655,3.11,5.504,14.6,4
161,24.0,1.0,1.0,20.0,0.325,0.495,4.1,3
162,36.0,3.0,13.0,39.0,2.801,4.687,19.2,2
163,35.0,2.0,14.0,82.0,0.46799999999999997,0.188,0.8,5
164,31.0,1.0,11.0,47.0,2.864,2.259,10.9,3
165,28.0,2.0,6.0,22.0,0.65,1.88,11.5,3
166,36.0,4.0,8.0,32.0,0.025,0.48700000000000004,1.6,4
167,31.0,3.0,6.0,54.0,0.402,1.11,2.8,4
168,30.0,1.0,11.0,27.0,0.07400000000000001,0.16899999999999998,0.9,3
169,26.0,1.0,10.0,24.0,0.311,0.337,2.7,3
170,48.0,4.0,3.0,45.0,0.975,3.435,9.8,4
171,39.0,2.0,16.0,89.0,5.002,7.725,14.3,5
172,31.0,1.0,7.0,20.0,0.111,2.349,12.3,3
173,31.0,3.0,9.0,28.0,0.122,0.606,2.6,4
174,27.0,3.0,3.0,45.0,0.292,4.658,11.0,4
175,31.0,1.0,13.0,27.0,0.23800000000000002,1.112,5.0,3
176,53.0,1.0,0.0,27.0,2.7539999999999996,5.0489999999999995,28.9,2
177,40.0,1.0,15.0,55.0,0.856,2.169,5.5,5
178,26.0,1.0,7.0,22.0,0.209,0.9129999999999999,5.1,3
179,29.0,2.0,5.0,36.0,3.491,0.973,12.4,3
180,52.0,1.0,19.0,89.0,0.397,3.786,4.7,5
181,39.0,2.0,2.0,46.0,4.004,3.3560000000000003,16.0,2
182,33.0,2.0,13.0,21.314738462872718,0.18100000000000002,5.465585634433237,10.214634083552511,3
183,24.0,1.0,7.0,21.0,0.52,0.8029999999999999,6.3,3
184,47.0,1.0,29.0,129.0,20.561,12.075999999999999,25.3,1
185,41.0,3.0,2.0,15.0,1.9609999999999999,1.984,26.3,2
186,26.0,2.0,6.0,45.0,6.0489999999999995,5.651,26.0,2
187,48.0,1.0,3.0,24.0,0.764,0.9159999999999999,7.0,3
188,37.0,1.0,13.0,24.0,0.602,1.534,8.9,3
189,37.0,1.0,20.0,41.0,0.899,4.39,12.9,5
190,46.0,4.0,7.0,73.0,0.556,0.247,1.1,4
191,30.0,1.0,8.0,27.0,3.7439999999999998,1.7369999999999999,20.3,2
192,47.0,0.7813921487401432,15.0,30.0,2.2119999999999997,5.138,24.5,2
193,37.0,3.0,16.0,75.0,0.022000000000000002,0.053,0.1,4
194,37.0,2.0,0.0,31.0,0.11800000000000001,0.161,0.9,3
195,40.0,2.0,15.0,73.0,1.033,1.449,3.4,5
196,35.0,3.0,5.0,30.0,1.526,1.6540000000000001,10.6,4
197,21.0,2.0,0.0,16.0,0.15,0.938,6.8,3
198,52.0,1.0,24.0,64.0,3.93,2.47,10.0,5
199,47.0,3.0,16.0,221.0,15.792,23.104,17.6,1
200,41.0,3.0,0.0,26.0,0.099,0.34299999999999997,1.7,4
201,47.0,1.0,27.0,113.0,2.381,8.015,9.2,5
202,38.0,2.0,0.0,21.0,0.612,0.354,4.6,3
203,22.0,3.0,1.0,25.0,1.9769999999999999,1.473,13.8,4
204,39.0,1.0,8.0,21.0,0.276,0.564,4.0,3
205,45.0,1.0,8.0,27.0,0.41600000000000004,0.28600000000000003,2.6,3
206,51.0,1.0,10.0,44.0,4.96,0.848,13.2,5
207,33.0,2.0,10.0,26.0,0.031,0.775,3.1,3
208,43.0,1.0,25.0,242.0,1.636,4.656000000000001,2.6,5
209,40.0,1.0,22.0,95.0,0.633,2.787,3.6,5
210,27.0,4.0,2.0,23.0,0.32,0.991,5.7,4
211,31.0,1.0,11.0,25.0,0.141,2.134,9.1,3
212,34.0,1.0,10.0,48.0,0.264,2.184,5.1,3
213,37.0,1.0,9.0,57.0,1.357,1.778,5.5,3
214,44.0,4.0,18.0,78.0,0.565,0.215,1.0,4
215,42.0,1.0,3.0,24.0,0.667,1.8769999999999998,10.6,3
216,25.0,1.0,3.0,16.0,1.011,1.837,17.8,3
217,39.0,2.0,7.0,68.0,1.0170000000000001,7.8229999999999995,13.0,2
218,26.0,4.0,1.0,64.0,7.754,7.1579999999999995,23.3,2
219,36.0,1.0,19.0,45.0,0.92,4.525,12.1,5
220,48.0,1.0,15.0,60.0,0.321,0.9390000000000001,2.1,5
221,21.0,2.0,0.0,21.0,0.488,2.137,12.5,3
222,40.0,3.0,17.0,116.0,2.5610000000000004,4.399,6.0,5
223,31.0,2.0,9.0,30.0,0.602,1.735422894554973,5.8,3
224,23.0,4.0,0.0,23.0,0.46799999999999997,1.073,6.7,4
225,31.0,1.0,6.0,21.0,0.7290000000000001,1.014,8.3,3
226,31.0,1.0,7.0,23.0,0.225,0.902,4.9,3
227,50.0,3.0,18.0,102.0,5.782,8.6,14.1,1
228,29.0,1.0,1.0,31.0,0.156,2.324,8.0,3
229,37.0,3.0,5.0,29.0,1.405,5.729,24.6,2
230,46.0,1.0,16.0,52.0,3.032,3.676,12.9,5
231,39.0,1.0,9.0,35.0,0.233,1.517,5.0,3
232,34.0,1.0,14.0,28.0,1.138,3.622,17.0,2
233,27.0,1.0,11.0,56.0,4.637,4.827,16.9,2
234,23.0,1.0,6.0,15.0,1.375,0.53,12.7,3
235,41.0,1.0,24.0,83.0,6.5889999999999995,5.031000000000001,14.0,5
236,29.0,1.0,1.0,18.0,0.03,0.168,1.1,3
237,44.0,1.0,19.0,40.0,0.344,4.016,10.9,5
238,24.0,2.0,0.0,15.0,0.321,2.094,16.1,3
239,32.0,3.0,9.0,51.0,2.6860000000000004,9.044,23.0,2
240,23.0,2.0,3.0,34.0,0.262,1.234,4.4,3
241,31.0,1.0,4.0,28.0,0.29100000000000004,2.873,11.3,3
242,36.0,1.0,15.0,39.0,0.6859999999999999,0.562,3.2,3
243,25.0,1.0,3.0,31.0,0.8809999999999999,1.63,8.1,3
244,26.0,1.0,10.0,32.0,0.126,1.3780000000000001,4.7,3
245,43.0,1.0,4.0,26.0,0.7509999999999999,1.095,7.1,3
246,47.0,1.0,29.0,169.0,0.349,3.3689999999999998,2.2,5
247,43.0,1.0,10.0,69.0,0.41100000000000003,4.005,6.4,5
248,37.0,1.0,18.0,54.0,4.593,1.9409999999999998,12.1,5
249,35.0,4.0,10.0,45.0,1.04,2.785,8.5,4
250,28.0,4.0,1.0,26.0,0.377,2.847,12.4,4
251,28.0,1.0,8.0,30.0,0.613,1.547,7.2,3
252,26.0,3.0,2.0,37.0,0.205,5.0489999999999995,14.2,4
253,39.0,1.0,10.0,31.0,0.185,1.3030000000000002,4.8,3
254,34.0,2.0,3.0,21.0,1.402,3.449,23.1,2
255,51.0,3.0,16.0,82.0,2.605,1.003,4.4,5
256,28.0,2.0,3.0,41.0,5.897,4.394,25.1,2
257,39.0,1.0,20.0,39.0,0.774,2.424,8.2,5
258,23.0,1.0,3.0,19.0,0.27899999999999997,1.317,8.4,3
259,23.0,1.0,3.0,13.0,0.046,0.35700000000000004,3.1,3
260,21.0,1.0,4.0,26.0,1.421,0.893,8.9,3
261,40.0,1.0,3.0,23.0,0.409,1.178,6.9,3
262,26.0,4.0,1.0,92.0,6.506,5.454,13.0,4
263,32.0,2.0,12.0,54.0,3.196,4.58,14.4,2
264,29.0,3.0,3.0,50.0,0.259,0.941,2.4,4
265,43.0,1.0,25.0,64.0,0.951,9.737,16.7,5
266,55.0,1.0,3.0,40.0,0.563,2.637,8.0,5
267,30.0,1.0,12.0,40.0,1.249,1.551,7.0,3
268,38.0,3.0,15.0,63.0,5.091,3.3510000000000004,13.4,5
269,40.0,1.0,2.0,28.0,0.185,1.8030000000000002,7.1,3
270,43.0,1.0,12.0,38.0,0.129,1.239,3.6,5
271,31.078255896644283,2.0,1.0,24.0,1.1843444395213913,2.0327431803711242,9.442522867193622,3
272,24.0,1.0,8.0,24.0,0.382,0.818,5.0,3
273,35.0,1.0,11.0,40.0,0.5720000000000001,0.588,2.9,3
274,39.0,2.0,18.0,47.0,1.565,2.0069999999999997,7.6,5
275,41.0,2.0,5.0,25.0,0.39299999999999996,2.157,10.2,3
276,28.0,1.0,2.0,17.0,0.19899999999999998,0.226,2.5,3
277,24.0,2.0,2.0,28.0,1.787,3.057,17.3,2
278,40.0,3.0,3.0,55.0,1.751,7.324,16.5,2
279,29.0,1.0,13.456766170782,10.87029791167928,0.402,0.24563819429356948,10.590575289056938,3
280,26.0,2.0,4.0,28.0,0.226,2.434,9.5,3
281,27.0,1.0,5.0,26.0,0.13,0.182,1.2,3
282,50.0,1.0,30.0,150.0,13.552999999999999,35.196999999999996,32.5,1
283,41.0,1.0,15.0,120.0,2.659,0.821,2.9,5
284,26.0,1.0,0.0,14.0,0.256,1.214,10.5,3
285,48.0,1.0,22.0,100.0,3.7039999999999997,5.396,9.1,5
286,35.0,2.0,1.0,24.0,0.41700000000000004,1.455,7.8,3
287,35.0,1.0,14.144736989543748,30.584451362488487,5.887096163632572,2.661,6.717280861504184,5
288,23.0,1.0,7.0,31.0,0.33799999999999997,1.7080000000000002,6.6,3
289,39.0,2.0,20.0,101.0,0.341,1.073,1.4,5
290,38.0,1.0,21.0,58.0,4.584,4.986000000000001,16.5,5
291,30.0,1.0,4.0,33.0,0.5,0.8859999999999999,4.2,3
292,44.0,2.0,6.303664271151676,34.61397048353859,0.555,2.938097217292591,3.3912943183651754,3
293,33.0,1.0,0.0,23.0,0.077,0.13,0.9,3
294,34.0,1.0,15.0,39.0,4.373,5.26,24.7,2
295,27.0,2.0,6.0,34.0,0.23800000000000002,1.258,4.4,3
296,30.0,1.0,1.0,22.0,1.139,1.171,10.5,3
297,27.0,2.0,1.0,20.0,0.377,1.683,10.3,3
298,25.758803297322544,0.4053462290535932,9.818437362488396,43.748309585757475,-0.49722522583333606,2.305,13.072686722245393,3
299,25.0,4.0,1.0,34.0,0.133,2.7569999999999997,8.5,4
300,41.0,1.0,23.0,91.0,0.573,11.894,13.7,5
301,42.0,2.0,11.0,73.0,2.8689999999999998,2.095,6.8,5
302,38.0,3.0,12.0,64.0,0.895,2.8169999999999997,5.8,4
303,23.0,1.0,5.0,17.0,0.302,1.041,7.9,3
304,33.0,1.1310126893727657,2.0,-4.825541610818309,0.06062123549603482,1.263,14.50626421925639,3
305,31.0,1.0,2.0,22.0,1.739,1.869,16.4,3
306,37.0,2.0,6.0,62.0,1.186,4.084,8.5,3
307,40.0,1.0,10.0,45.0,2.013,6.447,18.8,2
308,31.0,1.0,3.0,16.0,3.065,2.103,32.3,2
309,35.0,2.0,1.8113426281364917,40.0,1.8030000000000002,5.077,17.2,2
310,38.0,1.0,6.0,41.0,0.266,3.383,8.9,3
311,30.0,2.0,8.0,56.0,0.33299999999999996,3.2510000000000003,6.4,3
312,30.0,1.0,1.0,17.0,0.746,1.124,11.0,3
313,44.0,1.0,2.0,22.0,1.092,1.02,9.6,3
314,29.0,2.0,3.0,15.0,0.147,0.243,2.6,3
315,39.0,1.0,19.0,45.0,0.9159999999999999,0.7490000000000001,3.7,5
316,26.0,1.0,0.0,17.0,0.142,0.708,5.0,3
317,36.0,1.0,5.0,27.0,0.7240000000000001,1.166,7.0,3
318,31.0,2.0,0.0,27.0,1.089,2.367,12.8,3
319,42.61231299893183,1.2740843727583897,10.175209712532507,21.87381208306345,1.378512638980824,2.2246802376950434,3.593836330367741,3
320,38.0,1.0,0.0,23.0,0.898,0.965,8.1,3
321,41.0,3.0,13.0,91.0,2.316,20.616,25.2,1
322,41.0,2.0,2.0,30.0,0.113,1.8969999999999998,6.7,3
323,45.0,3.0,5.0,94.0,3.612,6.257999999999999,10.5,4
324,24.0,1.0,4.0,23.0,0.242,0.885,4.9,3
325,22.0,1.0,4.0,16.0,0.084,0.10800000000000001,1.2,3
326,34.0,1.0,13.0,56.0,0.8640000000000001,2.552,6.1,5
327,25.0,1.0,0.0,18.0,0.514,2.888,18.9,3
328,29.0,2.0,6.0,18.0,0.45,0.46799999999999997,5.1,3
329,35.0,2.0,13.0,105.0,1.4180000000000001,0.5770000000000001,1.9,5
330,39.0,1.0,19.0,48.0,1.93,4.3580000000000005,13.1,5
331,34.0,1.0,17.0,59.0,1.808,2.912,8.0,5
332,44.0,2.0,21.0,113.0,3.1919999999999997,11.724,13.2,1
333,23.0,2.0,0.0,21.0,0.7759999999999999,1.618,11.4,3
334,46.364001860149315,1.156505968693458,4.663493077614081,30.901351887225356,1.8123752292282642,4.186466435128537,14.362181463749629,2
335,41.0,4.0,9.0,47.0,0.43700000000000006,1.913,5.0,4
336,52.0,1.0,9.0,24.0,0.802,3.806,19.2,2
337,23.0,1.0,1.0,17.0,0.012,0.26,1.6,3
338,47.722179580374316,1.615540493176191,31.689122720426077,96.07031787085465,3.7025707618452053,4.222467867061345,9.188231340865743,5
339,35.0,1.0,10.0,24.0,1.084,4.0280000000000005,21.3,2
340,53.0,2.0,16.0,44.0,1.3330000000000002,1.131,5.6,5
341,39.0,3.0,11.0,39.0,2.5610000000000004,2.47,12.9,4
342,32.194697766738905,1.0,20.0,56.0,0.5429999999999999,0.521,1.9,5
343,34.0,1.0,12.0,32.0,0.239,0.625,2.7,3
344,49.0,2.0,2.0,20.0,0.379,3.0010000000000003,16.9,2
345,39.0,1.0,23.0,75.0,3.133,11.042,18.9,5
346,42.0,2.0,7.0,41.0,0.941,0.945,4.6,3
347,28.0,2.0,1.0,16.0,0.574,1.778,14.7,3
348,27.0,3.0,5.0,75.0,2.207,2.5180000000000002,6.3,4
349,24.0,1.0,2.0,21.0,0.025,0.10099999999999999,0.6,3
350,34.0,1.0,5.0,33.0,0.778,1.631,7.3,3
351,47.0,1.0,31.0,136.0,14.231,17.185,23.1,1
352,26.0,4.0,1.0,27.0,0.312,0.47100000000000003,2.9,4
353,35.0,1.515992113791779,17.0,42.0,0.09300000000000001,1.167,3.0,5
354,28.8723129754521,0.19918146365729106,1.1022776426336724,21.55656052022143,0.6074865877281261,1.643770018947126,4.442192404303963,3
355,29.0,1.0,13.0,27.0,0.069,0.552,2.3,3
356,44.0,1.0,9.0,33.0,0.546,1.17,5.2,3
357,40.0,2.0,13.0,102.0,6.227,13.050999999999998,18.9,1
358,36.0,4.0,1.0,30.0,0.324,3.1260000000000003,11.5,4
359,30.56840667384909,3.0,10.400418324950675,14.716518348312995,0.385,1.089,3.6596333537381733,4
360,21.0,1.0,1.0,18.0,0.159,2.955,17.3,3
361,42.0,4.0,15.0,186.0,2.404,4.292,3.6,5
362,31.999276799152906,1.9672312334047748,4.173215478766989,0.11842753713797904,-0.7701660125056387,2.8658152971616513,22.82247738108984,2
363,24.0,1.0,6.0,21.0,0.10800000000000001,0.9840000000000001,5.2,3
364,24.0,4.0,0.0,29.0,0.59,1.324,6.6,4
365,46.0,3.0,4.0,73.0,2.2230000000000003,1.719,5.4,4
366,28.0,1.0,2.0,16.0,0.871,1.561,15.2,3
367,41.0,1.0,16.0,68.0,0.44799999999999995,3.2239999999999998,5.4,5
368,46.0,5.0,15.0,126.0,0.47700000000000004,3.429,3.1,4
369,51.0,2.0,22.0,120.0,4.14,4.98,7.6,5
370,36.0,1.0,17.0,54.0,0.727,1.649,4.4,5
371,28.948991308702517,0.2235851978536476,1.4412329938782338,0.05311465761391432,2.35006523719821,0.042054909174971455,6.5194119756929325,3
372,27.0,2.0,3.0,33.0,1.633,2.7230000000000003,13.2,3
373,43.0,1.0,23.0,72.0,1.182,4.29,7.6,5
374,53.0,1.0,6.0,27.0,0.594,1.1340000000000001,6.4,5
375,32.0,1.0,4.0,16.0,0.894,3.6660000000000004,28.5,2
376,36.0,1.0,0.0,25.0,2.778,2.147,19.7,2
377,29.0,2.0,9.0,30.0,3.6460000000000004,2.864,21.7,2
378,35.0,1.0,18.0,42.0,0.205,2.903,7.4,5
379,32.0,2.0,0.0,18.0,0.29600000000000004,0.748,5.8,3
380,25.0,2.0,1.0,14.0,0.233,1.153,9.9,3
381,42.0,1.0,2.0,30.0,1.472,1.4380000000000002,9.7,3
382,25.0,1.0,9.0,20.0,0.105,0.595,3.5,3
383,14.467993226555578,3.294468035435228,-0.7526566579559096,-2.5602434053843517,-1.5184319443548702,0.34700000000000003,2.3,4
384,50.0,1.0,4.0,23.0,0.141,2.734,12.5,3
385,46.0,2.0,22.0,144.0,3.325,12.659,11.1,1
386,33.0,1.0,15.0,32.0,0.491,1.9409999999999998,7.6,3
387,43.0,1.0,19.0,79.0,0.782,5.143,7.5,5
388,30.0,1.732242008927115,4.0,21.0,0.49200000000000005,3.3510000000000004,18.3,2
389,34.0,1.0,3.0,36.0,0.624,1.068,4.7,3
390,37.0,1.0,3.0,25.0,0.276,0.649,3.7,3
391,38.0,1.0,4.0,19.0,1.245,1.339,13.6,3
392,32.0,2.0,11.0,57.0,5.44,8.126,23.8,2
393,45.44645550475955,0.7878018557168881,8.214174734740585,39.0,0.14,0.562,1.8,3
394,31.0,1.0,7.0,41.0,3.4032778469704033,9.331955813037721,30.20463649477631,2
395,25.0,1.0,5.0,22.0,0.40299999999999997,1.995,10.9,3
396,31.0,2.0,12.0,44.0,1.867,2.3569999999999998,9.6,3
397,29.0,2.0,0.0,23.0,1.242,0.598,8.0,3
398,45.0,2.0,21.0,132.0,2.5580000000000003,1.402,3.0,5
399,39.0,1.0,4.0,38.0,1.178,1.2919999999999998,6.5,3
400,34.0,1.0,4.0,23.0,0.617,0.6709999999999999,5.6,3
401,30.961034330050325,2.3838710357087303,3.0,32.456891713161625,2.6393407663739277,5.37289745988968,23.05344742097478,2
402,26.38471145967617,0.328620714054049,10.0,19.0,0.6143596486364118,0.38454236985300316,5.0311671400766675,3
403,30.0,1.0,0.0,19.0,0.624,2.53,16.6,3
404,27.0,1.0,0.0,18.0,0.583,1.7209999999999999,12.8,3
405,31.0,1.0,5.0,25.0,1.177,2.3480000000000003,14.1,3
406,47.0,3.0,9.0,52.0,2.54,7.912000000000001,20.1,2
407,47.0,2.0,4.0,33.0,1.195,1.148,7.1,3
408,45.0,2.0,15.0,51.0,1.551,7.68,18.1,2
409,28.70574854087101,4.0,7.0,97.0,2.7263229550382615,4.618616672599023,8.732409950585089,4
410,45.0,1.0,7.0,29.0,0.7390000000000001,1.03,6.1,3
411,29.0,1.0,12.0,40.0,1.632,1.048,6.7,3
412,36.0,2.0,12.0,60.0,1.7209999999999999,3.0189999999999997,7.9,5
413,29.0,2.0,10.0,44.0,3.7030000000000003,4.261,18.1,2
414,39.0,1.0,2.0,22.0,1.916,3.1660000000000004,23.1,2
415,22.0,2.0,0.0,35.0,0.7809999999999999,2.369,9.0,3
416,46.0,1.0,14.0,35.0,1.349,2.221,10.2,5
417,38.0,1.0,21.0,65.0,2.533,8.387,16.8,5
418,37.0,1.0,1.0,24.0,1.801,1.8230000000000002,15.1,3
419,42.0,1.0,12.0,51.0,2.412,8.502,21.4,2
420,36.0,1.0,4.0,25.0,0.14400000000000002,0.856,4.0,3
421,34.0,1.0,18.0,53.0,0.84,4.725,10.5,5
422,38.0,3.0,12.0,63.0,5.715,4.365,16.0,2
423,27.0,1.0,11.0,21.0,0.915,1.479,11.4,3
424,35.0,2.0,9.0,30.0,0.65,1.63,7.6,3
425,48.0,1.0,10.0,70.0,10.679,9.061,28.2,1
426,45.0,2.0,18.0,35.0,0.5479999999999999,5.542000000000001,17.4,5
427,43.0,1.0,4.0,29.0,0.053,1.281,4.6,3
428,54.0,1.0,9.0,28.0,1.558,2.5860000000000003,14.8,5
429,35.0,3.0,7.0,38.0,1.383,4.355,15.1,4
430,28.0,1.0,4.0,19.0,0.287,0.49200000000000005,4.1,3
431,39.0,1.0,16.0,52.0,4.16,6.24,20.0,2
432,43.0,1.0,8.0,32.0,1.234,4.846,19.0,2
433,32.0,2.0,2.0,15.0,0.11900000000000001,1.246,9.1,3
434,22.0,2.911289295659504,0.0,18.0,0.478,3.2922494961308377,7.7,4
435,41.0,3.0,18.0,71.0,6.566,4.581,15.7,5
436,34.0,2.0,4.0,25.0,0.57,0.88,5.8,3
437,34.0,2.0,9.0,27.0,0.295,0.16399999999999998,1.7,3
438,31.0,1.0,1.0,24.0,0.217,0.863,4.5,3
439,55.0,1.0,19.0,78.0,4.405,7.763,15.6,5
440,40.0,1.0,21.0,46.0,0.9670000000000001,1.885,6.2,5
441,41.0,1.0,13.0,44.0,0.071,0.677,1.7,5
442,43.0,2.0,10.0,37.0,0.6759999999999999,2.469,8.5,5
443,36.0,1.0,6.0,26.0,0.03,2.128,8.3,3
444,51.0,2.0,31.0,249.0,4.273,14.451081412494014,7.8,1
445,40.0,1.0,17.0,55.0,2.126,4.144,11.4,5
446,27.0,3.0,5.0,42.0,2.708,5.65,19.9,2
447,36.0,2.0,11.0,49.0,0.273,0.364,1.3,3
448,38.0,1.0,5.0,54.0,1.5,4.224,10.6,3
449,47.0,1.0,17.0,43.0,0.588,1.82,5.6,5
450,34.110166346982034,1.2430234341085076,14.489026201732909,42.0,-0.6156079668307022,-1.1154408162299274,3.6,3
451,41.0,3.0,12.0,86.0,4.9910000000000005,17.799,26.5,1
452,33.0,1.0,9.0,29.0,1.349,2.653,13.8,3
453,21.0,3.0,0.0,26.0,1.53,0.47200000000000003,7.7,4
454,34.0,1.0,0.0,21.0,0.187,1.325,7.2,3
455,51.0,2.0,27.0,166.0,0.821,18.269000000000002,11.5,1
456,36.0,2.0,0.0,30.0,0.32899999999999996,2.5810000000000004,9.7,3
457,23.0,2.0,0.0,17.0,2.044,2.665,27.7,2
458,34.0,1.0,4.0,28.0,1.058,1.574,9.4,3
459,29.0,1.0,7.0,22.0,0.551,1.5830000000000002,9.7,3
460,46.0,3.0,9.0,60.0,1.607,7.574,15.3,2
461,45.0,3.0,2.0,39.0,0.45899999999999996,1.452,4.9,4
462,41.0,3.0,17.0,176.0,11.359000000000002,5.0089999999999995,9.3,1
463,28.0,1.0,4.0,16.0,1.085,2.7230000000000003,23.8,2
464,37.0,1.0,6.0,29.0,1.716,3.011,16.3,2
465,25.0,1.0,8.0,35.0,0.077,0.938,2.9,3
466,48.0,3.0,0.0,19.0,0.85,1.202,10.8,4
467,37.0,3.0,12.0,83.0,0.32,3.083,4.1,4
468,32.0,1.0,3.0,23.0,0.053,1.3730000000000002,6.2,3
469,31.0,1.0,15.0,60.0,0.804,2.076,4.8,5
470,48.0,4.0,14.0,59.0,4.936,4.7989999999999995,16.5,4
471,45.0,1.0,22.0,91.0,1.256,9.391,11.7,5
472,41.0,2.0,6.0,36.0,1.486,3.5180000000000002,13.9,2
473,39.0,1.0,19.0,46.0,2.516,1.67,9.1,5
474,41.0,1.0,19.0,96.0,2.254,5.234,7.8,5
475,50.0,2.0,15.0,60.0,0.46799999999999997,0.192,1.1,5
476,22.0,3.0,0.0,23.0,0.373,1.5590000000000002,8.4,4
477,43.0,2.3972259540578365,6.0,54.0,1.5162622620150947,4.562,14.062309127353966,2
478,33.0,1.0,8.0,27.0,0.777,0.789,5.8,3
479,29.0,1.0,11.0,32.0,0.927,0.993,6.0,3
480,24.0,1.0,3.0,21.0,2.682,3.387,28.9,2
481,27.0,1.0,6.0,52.0,1.902,5.274,13.8,2
482,37.0,4.0,1.0,33.0,2.694,2.6189999999999998,16.1,4
483,34.0,2.0,8.0,78.0,2.157,2.055,5.4,3
484,22.0,1.0,1.0,17.0,0.8059999999999999,2.356,18.6,3
485,41.0,1.0,4.0,25.0,1.06,1.464,10.1,3
486,32.0,2.0,7.0,32.0,0.433,0.943,4.3,3
487,35.0,1.0,15.0,40.0,1.214,6.186,18.5,2
488,41.0,1.0,24.0,100.0,5.06,6.44,11.5,5
489,21.0,2.0,1.0,16.0,0.242,2.638,18.0,3
490,23.0,1.0,2.0,25.0,0.124,1.001,4.5,3
491,25.0,1.0,6.0,22.0,2.262,2.182,20.2,2
492,40.0,1.0,12.0,89.0,2.772,12.714,17.4,2
493,38.0,1.0,11.0,35.0,1.266,1.534,8.0,3
494,49.0,2.0,14.0,63.0,0.9359999999999999,9.017999999999999,15.8,5
495,40.0,1.0,13.0,28.0,0.965,0.687,5.9,3
496,29.0,2.0,1.0,25.0,0.569,2.031,10.4,3
497,25.0,1.0,3.0,18.0,0.35200000000000004,2.582,16.3,3
498,33.0,1.0,14.0,72.0,15.017000000000001,14.719000000000001,41.3,1
499,37.0,2.0,11.0,47.0,1.597,2.915,9.6,5
500,24.0,1.0,1.0,18.0,0.239,0.823,5.9,3
501,29.0,2.0,4.0,37.0,1.16,1.2819999999999998,6.6,3
502,28.0,2.0,0.0,29.0,2.148,1.709,13.3,3
503,37.39973530314446,2.36663272916804,13.992981313692056,106.34168531220683,5.745052941387668,7.492999999999999,6.558701833516279,5
504,47.0,2.0,27.0,107.0,1.6380000000000001,4.888999999999999,6.1,5
505,31.0,2.0,2.0,26.0,0.28300000000000003,1.485,6.8,3
506,28.0,3.0,5.0,44.0,0.773,3.055,8.7,4
507,39.0,2.0,15.0,32.0,0.42200000000000004,1.146,4.9,5
508,33.0,2.0,2.0,35.0,2.124,5.891,22.9,2
509,38.370860798729055,2.1983781305607724,19.0,68.0,1.3059664548808538,2.437,5.8,5
510,29.0,2.2076149395126645,1.0,29.0,2.33,3.818,17.44088540279649,2
511,31.0,1.0,2.0,22.0,1.092,1.702,12.7,3
512,28.0,4.0,0.0,38.0,0.636,3.3160000000000003,10.4,4
513,35.0,1.0,0.0,34.0,1.37,2.404,11.1,3
514,54.0,1.0,25.0,120.0,14.595999999999998,17.204,26.5,1
515,39.0,1.0,19.0,53.0,0.19,1.771,3.7,5
516,46.0,1.0,9.0,31.0,1.617,2.661,13.8,5
517,23.0,2.0,3.0,22.0,1.274,1.234,11.4,3
518,28.0,2.0,6.0,38.0,0.774,1.962,7.2,3
519,24.0,1.0,3.0,15.0,0.073,1.6219999999999999,11.3,3
520,41.0,2.0,7.0,63.0,4.638,5.064,15.4,2
521,43.0,2.0,9.0,60.0,4.039,8.201,20.4,2
522,27.0,3.0,3.0,35.0,1.601,3.054,13.3,4
523,33.0,4.0,4.0,22.0,0.5660000000000001,0.644,5.5,4
524,28.0,1.0,2.0,18.0,1.939,0.725,14.8,3
525,48.0,1.0,13.0,38.0,0.722,3.3819999999999997,10.8,5
526,35.0,3.0,1.0,20.0,0.853,0.727,7.9,4
527,31.0,1.0,11.0,28.0,0.345,0.9990000000000001,4.8,3
528,42.0,2.0,14.0,48.0,1.2009999999999998,2.927,8.6,5
529,29.0,1.0,1.0,18.0,1.9809999999999999,2.627,25.6,2
530,36.0,1.0,4.0,17.0,0.521,2.42,17.3,3
531,29.0,1.0,4.0,24.0,0.867,1.005,7.8,3
532,31.0,1.0,12.0,31.0,2.057,5.29,23.7,2
533,43.0,4.0,18.0,446.0,16.031,12.959000000000001,6.5,1
534,41.0,2.0,13.0,93.0,9.542,4.129,14.7,1
535,31.0,1.0,9.0,28.0,0.048,0.624,2.4,3
536,29.05443776023282,1.0142013414165034,1.507577204738971,38.68895480252057,1.5579597945300936,4.403083350371402,7.3,3
537,28.0,2.0,2.0,23.0,0.187,1.285,6.4,3
538,35.0,1.0,7.0,29.0,0.264,1.157,4.9,3
539,38.0,1.0,5.0,21.0,0.45,1.44,9.0,3
540,43.59716656737155,1.0,14.0,29.14267588922773,4.241825670331305,3.657,15.0,5
541,39.0,1.0,20.0,116.0,2.24,2.516,4.1,5
542,38.0,2.0,8.0,38.0,0.028999999999999998,0.19899999999999998,0.6,3
543,27.0,3.0,4.0,40.0,0.284,0.956,3.1,4
544,49.0,1.0,11.0,39.0,2.458,1.4809999999999999,10.1,5
545,38.0,1.0,18.0,45.0,0.535,2.615,7.0,5
546,43.0,1.0,16.0,89.0,0.159,0.19699999999999998,0.4,5
547,36.0,2.0,9.0,49.0,0.818,3.3960000000000004,8.6,3
548,37.0,1.0,4.0,23.0,0.87,1.982,12.4,3
549,46.0,3.0,22.0,99.0,0.8270000000000001,1.45,2.3,5
550,22.0,2.0,0.0,20.0,0.207,0.9129999999999999,5.6,3
551,47.0,1.0,13.0,51.0,3.739,8.399,23.8,2
552,49.09423243919839,2.9455052200307477,18.80953763063689,260.8798950542823,0.0747795322865632,3.128,-2.3532218671943763,5
553,30.0,4.0,2.0,25.0,1.77,0.73,10.0,4
554,51.0,2.0,19.0,159.0,1.068,3.384,2.8,5
555,28.0,1.0,10.0,42.0,1.047,2.565,8.6,3
556,50.0,1.0,6.0,21.0,1.317,1.392,12.9,3
557,43.0,1.0,24.0,254.0,7.002000000000001,12.556,7.7,1
558,46.0,2.0,9.0,15.0,0.015,0.63,4.3,3
559,29.0,1.0,7.0,20.0,1.006,2.9539999999999997,19.8,2
560,26.0,1.0,1.0,21.0,-0.6507612657315761,0.42100000000000004,4.9,3
561,45.0,1.0,14.0,46.0,1.262,1.084,5.1,5
562,39.0,1.0,22.0,52.0,1.155,0.509,3.2,5
563,30.0,2.0,10.0,22.0,1.41,2.1319999999999997,16.1,2
564,41.63537782395687,3.3605877252299017,7.0,56.0,0.374,7.746,14.5,4
565,25.0,2.0,4.0,27.0,0.5489999999999999,0.8009999999999999,5.0,3
566,34.0,1.0,16.0,48.0,0.9753556755713607,2.174,7.6,5
567,43.62122006563882,2.593470698591803,1.0466658270974527,78.0,1.5945634038417758,8.653312148170214,6.177164863638524,4
568,25.0,1.0,4.0,23.0,0.252,0.9440000000000001,5.2,3
569,39.0,1.0,20.0,67.0,3.8339999999999996,16.668,30.6,1
570,26.0,1.0,4.0,20.0,0.319,0.7609999999999999,5.4,3
571,31.0,1.0,8.0,41.0,0.134,5.032,12.6,3
572,40.0,3.0,5.0,220.0,8.166,27.034000000000002,16.0,1
573,45.75935578645603,1.0,6.0,31.0,-0.9204957323466934,2.571,10.563554974433004,3
574,23.0,1.0,1.0,21.0,1.21,0.5539999999999999,8.4,3
575,34.0,1.0,9.0,48.0,0.42,4.044,9.3,3
576,28.0,4.0,0.0,29.0,1.425,5.593,24.2,4
577,29.89641248254863,0.9736742332158745,6.0,22.76269578085792,1.11,5.125170746032601,20.050100666714357,2
578,29.0,2.0,3.0,26.0,0.5379999999999999,1.048,6.1,3
579,24.0,2.0,2.0,26.0,0.888,1.6340000000000001,9.7,3
580,53.0,1.0,9.0,50.0,2.016,3.5839999999999996,11.2,5
581,39.0,1.0,19.0,60.0,9.593,6.667000000000001,27.1,1
582,28.0,4.0,2.0,41.0,0.45899999999999996,0.5660000000000001,2.5,4
583,38.0,1.0,16.0,37.0,0.083,3.0989999999999998,8.6,5
584,39.0,1.0,12.0,46.0,0.561,1.739,5.0,5
585,38.0,1.0,18.0,44.0,0.606,1.374,4.5,5
586,34.0,4.0,6.0,27.0,1.982,7.5489999999999995,35.3,2
587,31.0,1.0,11.0,45.0,2.739,4.9110000000000005,17.0,2
588,40.0,1.0,2.0,32.0,0.8540000000000001,0.33,3.7,3
589,32.0,1.0,8.0,26.0,0.326,0.74,4.1,3
590,35.0,2.0,12.0,64.0,1.45,8.15,15.0,2
591,29.0,2.0,3.0,32.0,1.071,1.8090000000000002,9.0,3
592,44.0,2.0,12.0,86.0,1.476,9.704,13.0,5
593,48.69099680090059,2.0,9.0,83.53509738867243,2.8767540343495854,0.462,5.9,5
594,38.9173701982843,2.0,2.0304729076048487,22.53846897853142,4.513999999999999,3.5887870810271405,24.574317838958734,2
595,28.0,1.0,0.0,28.0,2.2840000000000003,7.04,33.3,2
596,29.0,1.0,3.0,23.0,1.104,1.035,9.3,3
597,24.0,1.0,1.0,16.0,0.878,0.27399999999999997,7.2,3
598,25.0,1.0,9.0,18.0,0.066,0.15,1.2,3
599,43.0,2.0,16.0,83.0,0.259,3.1439999999999997,4.1,5
600,45.0,1.0,12.0,37.0,1.3430000000000002,2.1719999999999997,9.5,5
601,35.0,1.0,13.0,35.0,0.43200000000000005,1.143,4.5,3
602,34.0,1.0,13.0,51.0,1.875,3.0210000000000004,9.6,5
603,29.0,1.0,2.0,14.0,0.5870000000000001,1.429,14.4,3
604,32.0,2.0,11.0,75.0,7.7589999999999995,9.716000000000001,23.3,1
605,27.0,3.0,6.0,26.0,0.93,1.774,10.4,4
606,39.0,1.0,16.0,57.0,1.5590000000000002,9.499,19.4,2
607,37.0,4.0,2.0,29.0,2.782,1.6840000000000002,15.4,4
608,31.0,4.0,1.0,29.0,1.065,2.154,11.1,4
609,28.0,1.0,4.0,28.0,0.43700000000000006,3.5389999999999997,14.2,3
610,27.0,2.0,8.0,38.0,0.364,2.258,6.9,3
611,31.0,1.0,8.0,27.0,0.674,0.784,5.4,3
612,29.297800395263064,1.1120380333153523,7.2367942604163105,41.65085306905988,-1.0508749562647914,-2.1545946060298076,4.5,3
613,31.30011299607491,1.0762146503793015,-3.7383120432260957,55.58945599883959,-0.1517883715482411,3.1697394203336398,3.0,3
614,29.0,2.0,8.598178191511831,36.0,0.127,0.6487296703151709,6.702183809745726,3
615,31.0,2.0,9.0,53.0,1.195,5.96,13.5,2
616,32.0,2.0,7.92574032412983,43.0,0.17658485117213174,4.644,15.0,2
617,39.0,1.0,6.0,42.0,2.541,5.817,19.9,2
618,27.921051523911842,2.3524121272944463,7.0,30.0,0.5948533485946798,0.752,6.35698040694827,3
619,29.0,1.0,13.0,42.0,1.4580000000000002,1.65,7.4,3
620,31.0,1.0,11.0,34.0,0.298,2.0140000000000002,6.8,3
621,41.0,1.5424743258313582,22.0,75.0,9.877,7.8229999999999995,23.6,1
622,30.0,1.0,1.0,27.0,1.275,2.046,12.3,3
623,35.0,2.0,0.0,22.0,1.97,1.33,15.0,3
624,38.0,2.0,2.0,22.0,1.209,3.785,22.7,2
625,29.0,1.0,1.0,17.0,0.157,0.982,6.7,3
626,37.0,1.0,7.0,32.0,2.697,3.575,19.6,2
627,26.0,1.0,8.0,25.0,0.21,0.965,4.7,3
628,27.0,1.0,0.0,16.0,0.13,0.046,1.1,3
629,42.0,2.0,18.0,66.0,1.641,4.695,9.6,5
630,45.0,3.0,8.0,140.0,4.184,15.276,13.9,1
631,51.0,4.0,15.0,26.0,2.012,1.524,13.6,4
632,36.0,1.0,10.0,28.0,0.815,2.3209999999999997,11.2,3
633,48.0,1.0,17.0,66.0,1.4680000000000002,0.644,3.2,5
634,45.0,1.0,10.0,52.0,0.932,1.876,5.4,5
635,47.0,1.3874964061115556,16.0,116.7285584525624,4.4221362646876115,8.039,12.6,5
636,26.0,1.0,6.0,22.0,0.721,1.545,10.3,3
637,35.0,1.0,12.0,30.0,1.899,2.721,15.4,2
638,50.0,3.0,10.0,80.0,2.479,7.281000000000001,12.2,5
639,30.0,1.0,11.0,33.0,0.682,2.09,8.4,3
640,49.0,2.0,22.0,79.0,0.28800000000000003,5.479,7.3,5
641,36.0,1.0,1.0,16.0,0.433,1.055,9.3,3
642,24.0,2.0,3.0,19.0,0.359,0.45799999999999996,4.3,3
643,42.0,5.0,6.0,190.0,3.157,11.663,7.8,1
644,28.0,2.0,0.0,30.0,0.121,1.319,4.8,3
645,52.0,2.0,12.0,76.0,0.995,4.857,7.7,5
646,39.0,2.0,9.0,56.0,4.765,5.707000000000001,18.7,2
647,40.0,2.0,15.0,138.0,1.222,4.436,4.1,5
648,29.0,2.0,0.0,22.0,1.0390000000000001,1.7990000000000002,12.9,3
649,40.0,1.0,8.0,28.0,0.534,0.474,3.6,3
650,27.0,1.0,10.0,34.0,0.851,1.359,6.5,3
651,24.0,3.0,2.0,16.0,0.27,0.754,6.4,4
652,26.0,2.0,5.0,28.0,1.024,1.16,7.8,3
653,40.0,3.0,16.0,141.1538382666046,1.614,12.422,12.1,1
654,50.0,2.0,16.0,71.0,1.663,6.218,11.1,5
655,30.0,1.0,0.0,20.0,0.622,0.45799999999999996,5.4,3
656,26.0,2.0,6.0,30.0,0.14400000000000002,0.156,1.0,3
657,35.0,1.0,10.0,28.0,0.11,0.254,1.3,3
658,37.0,3.0,16.0,50.0,7.32,10.98,36.6,1
659,52.0,5.0,9.0,70.0,0.0844492167605071,4.625566170144998,10.546856019228596,4
660,24.0,1.0,5.0,46.0,0.53,1.218,3.8,3
661,28.0,1.0,3.0,26.0,0.43200000000000005,2.168,10.0,3
662,29.0,2.5031596562760923,6.0,69.81929637014687,0.45299999999999996,-0.6452503034407235,2.2,4
663,35.0,1.0,11.0,77.0,1.1,2.519,4.7,5
664,54.0,1.0,18.0,114.0,3.295,6.395,8.5,5
665,33.075758353233695,1.1921280796236724,10.0,12.941310386468832,1.168,-1.1730662547876625,11.3,3
666,26.50225748925265,1.0849509632685486,11.0,53.0,0.08900000000000001,-0.4196375439255331,3.3,3
667,36.0,1.0,14.0,81.0,1.785,4.047,7.2,5
668,31.0,1.0,12.0,24.0,0.442,1.1420000000000001,6.6,3
669,28.0,1.0,11.0,24.0,0.107,0.469,2.4,3
670,34.0,1.0,10.0,33.0,2.502,0.897,10.3,3
671,53.0,4.0,7.0,61.0,1.875,2.944,7.9,4
672,50.0,1.0,8.0,47.0,0.39899999999999997,2.844,6.9,5
673,52.0,4.0,13.0,234.0,7.3870000000000005,10.630999999999998,7.7,1
674,30.0,2.0,4.0,15.0,0.35,0.625,6.5,3
675,26.0,2.0,0.0,28.0,1.271,1.3330000000000002,9.3,3
676,42.0,2.0,21.0,121.0,1.365,2.386,3.1,5
677,27.0,1.0,6.0,43.0,0.883,1.224,4.9,3
678,41.0,1.0,14.0,52.0,0.9259999999999999,2.87,7.3,5
679,27.0,1.0,10.0,31.0,1.3619999999999999,4.001,17.3,2
680,32.0,1.0,12.0,33.0,0.795,2.9010000000000002,11.2,3
681,37.0,1.0,12.0,44.0,2.995,3.4730000000000003,14.7,2
682,29.0,1.0,3.0,17.0,0.47,1.06,9.0,3
683,27.0,1.0,9.0,45.0,2.852,5.1579999999999995,17.8,2
684,50.0,3.0,25.0,94.0,1.734,3.248,5.3,5
685,21.0,3.0,0.0,24.0,0.833,1.015,7.7,4
686,41.0,4.0,14.0,44.0,0.353,0.395,1.7,4
687,23.0,2.0,1.0,18.0,0.885,2.481,18.7,2
688,45.0,2.0,9.0,69.0,0.7070000000000001,3.9160000000000004,6.7,5
689,36.709186481774495,2.2822333740879537,-5.760477784068816,60.1285013173444,0.7663276210559631,1.8259510377389274,5.641870280898216,4
690,33.0,1.0,6.0,21.0,0.5670000000000001,1.008,7.5,3
691,21.0,1.0,1.0,16.0,0.141,0.867,6.3,3
692,40.0,1.0,6.0,36.0,0.391,0.365,2.1,3
693,40.0,2.0,3.0,28.0,0.5529999999999999,2.1069999999999998,9.5,3
694,56.0,1.0,11.0,59.0,4.673,4.177,15.0,5
695,26.0,1.0,2.0,22.0,0.237,1.171,6.4,3
696,29.0,1.0,6.0,46.0,1.17,1.314,5.4,3
697,29.0,2.0,6.0,65.0,1.985,9.975,18.4,2
698,39.0,1.0,13.0,27.0,0.966,1.194,8.0,3
699,27.0,2.0,1.0,23.0,0.285,2.5669999999999997,12.4,3
700,25.0,1.0,1.0,15.0,0.371,1.339,11.4,3
701,36.0,5.0,5.0,20.0,0.7290000000000001,0.8909999999999999,8.1,4
702,35.0,1.0,7.0,39.0,1.702,4.577,16.1,2
703,25.0,2.0,4.0,33.0,0.5529999999999999,1.163,5.2,3
704,21.0,2.0,2.0,20.0,0.29100000000000004,0.609,4.5,3
705,23.0,1.0,2.0,16.0,0.805,0.731,9.6,3
706,32.0,1.0,14.0,73.0,3.752,2.6719999999999997,8.8,5
707,35.5468677125296,1.4318949319707346,-1.5410052627802888,19.214906108464348,2.5228608066128624,1.1049662789890087,14.901390702765033,3
708,38.0,1.0,5.0,20.0,0.091,0.20800000000000002,1.5,3
709,39.0,1.0,22.0,73.0,3.727,6.712000000000001,14.3,5
710,46.0,1.0,1.0,21.0,1.3769999999999998,1.7309999999999999,14.8,3
711,34.153373781945156,1.4362898874350742,4.7045819243766775,98.0,4.875,8.158999999999999,13.3,2
712,33.0,4.0,9.0,28.0,0.377,0.8270000000000001,4.3,4
713,30.0,2.0,12.0,68.0,2.8569999999999998,10.811,20.1,2
714,54.0,3.0,21.0,118.0,9.6,7.392,14.4,1
715,42.0,2.0,5.0,41.0,0.355,1.0390000000000001,3.4,3
716,28.0,1.0,9.0,22.0,5.2829999999999995,0.8109999999999999,27.7,2
717,35.0,1.0,9.0,34.0,0.39799999999999996,1.3019999999999998,5.0,3
718,41.0,3.0,16.0,135.0,1.2770000000000001,4.663,4.4,5
719,41.0,1.0,16.0,49.0,0.431,0.353,1.6,5
720,53.0,4.0,5.0,78.0,6.936,6.558,17.3,1
721,28.0,1.0,4.0,26.0,1.295,2.215,13.5,3
722,35.0,1.0,5.0,32.0,0.175,3.985,13.0,3
723,42.0,1.0,7.0,25.0,1.629,0.9209999999999999,10.2,3
724,33.0,1.0,11.0,35.0,0.506,5.059,15.9,2
725,27.0,3.0,0.0,50.0,1.044,6.306,14.7,4
726,48.0,2.0,30.0,148.0,3.975,6.681,7.2,5
727,37.78642927897891,1.2106778946436745,5.141185653412434,49.06059931083188,-1.3282670725644778,1.6544752976956474,3.1,3
728,37.0,1.0,6.0,31.0,1.7009999999999998,1.926,11.7,3
729,31.0,1.0,5.0,23.0,0.046,0.414,2.0,3
730,35.0,3.0,10.0,39.0,1.6019999999999999,2.454,10.4,4
731,48.0,2.0,6.0,66.0,2.316,5.67,12.1,5
732,34.0,0.9543402599211573,10.285086480827403,66.84719519150873,3.955,3.709606633536026,10.4,5
733,23.0,2.0,2.0,48.0,0.511,3.089,7.5,3
734,41.0,2.0,8.0,43.0,0.086,0.215,0.7,3
735,52.0,1.0,33.0,139.0,2.2880000000000003,5.496,5.6,5
736,39.0,1.0,6.0,61.0,0.563,2.9139999999999997,5.7,3
737,46.0,1.0,1.0,20.0,0.809,1.9909999999999999,14.0,3
738,33.0,2.0,4.0,55.0,2.16,1.69,7.0,3
739,34.0,3.0,2.0,39.0,1.143,4.005,13.2,4
740,34.0,3.0,12.0,47.0,1.301,1.848,6.7,4
741,40.0,1.0,9.0,33.0,4.881,0.7290000000000001,17.0,2
742,45.0,3.0,16.0,80.0,0.912,1.4880000000000002,3.0,5
743,25.0,1.0,1.0,19.0,0.19,1.121,6.9,3
744,31.0,2.0,6.0,32.0,3.341,4.051,23.1,2
745,34.0,4.0,7.0,40.0,0.95,1.61,6.4,4
746,45.0,1.0,23.0,50.0,0.5589999999999999,1.541,4.2,5
747,44.0,2.0,17.0,129.0,0.551,2.674,2.5,5
748,35.0,1.0,13.0,42.0,0.769,6.622999999999999,17.6,2
749,22.0,2.0,0.0,14.0,0.242,2.1519999999999997,17.1,3
750,26.0,3.0,3.0,40.0,1.896,2.424,10.8,4
751,38.0,1.0,6.0,18.0,0.131,2.209,13.0,3
752,27.0,1.0,7.0,26.0,0.6409999999999999,1.725,9.1,3
753,29.0,1.0,11.0,36.0,0.7090000000000001,1.4869999999999999,6.1,3
754,30.89480681947008,2.469514276603487,5.0,17.304293707172874,1.84301758041004,2.7054858415234437,19.47956699772063,2
755,22.0,1.0,4.0,24.0,1.636,2.108,15.6,3
756,47.0,1.0,4.0,26.0,0.122,2.582,10.4,3
757,27.0,2.0,5.0,25.0,0.706,0.995,6.8,3
758,24.0,1.0,2.0,18.0,0.528,0.552,6.0,3
759,55.143757494141596,1.0,16.354274834879657,95.55843849090459,1.054,3.2957697611837204,8.7,5
760,26.0,1.0,3.0,29.0,2.5269999999999997,4.926,25.7,2
761,40.0,1.0,22.0,100.0,5.402,9.198,14.6,1
762,33.0,2.0,12.0,58.0,3.0839999999999996,7.587999999999999,18.4,2
763,35.95300689176946,1.0,0.0,2.6783513779563055,0.304,0.3394910135312488,12.0,3
764,39.0,2.0,16.0,69.0,1.061,0.595,2.4,5
765,24.0,2.0,0.0,16.0,0.025,1.143,7.3,3
766,27.0,4.0,0.0,70.0,1.618,3.9819999999999998,8.0,4
767,38.0,2.0,7.0,64.0,0.6509999999999999,1.2690000000000001,3.0,3
768,36.0,1.0,9.0,40.0,1.976,1.944,9.8,3
769,39.0,1.0,4.0,33.0,0.397,1.913,7.0,3
770,43.0,1.0,13.0,76.0,2.151,2.485,6.1,5
771,24.0,1.0,8.0,17.0,0.569,0.38299999999999995,5.6,3
772,21.0,1.0,5.0,25.0,0.36700000000000005,1.883,9.0,3
773,26.0,2.0,2.0,24.0,1.577,1.6869999999999998,13.6,3
774,43.0,1.0,11.0,37.0,0.18,0.301,1.3,3
775,36.0,3.0,11.0,44.0,0.446,6.022,14.7,4
776,43.0,1.0,15.0,62.0,0.6940000000000001,5.1339999999999995,9.4,5
777,35.0,2.0,11.0,62.0,9.703,10.385,32.4,1
778,34.0,2.0,10.0,33.0,0.574,2.5610000000000004,9.5,3
779,47.0,2.0,17.0,41.0,0.456,3.4389999999999996,9.5,5
780,48.0,1.0,0.0,30.0,2.6630000000000003,4.027,22.3,2
781,29.0,2.0,9.0,46.0,0.24100000000000002,0.495,1.6,3
782,36.0,1.0,7.0,43.0,1.04,1.626,6.2,3
783,35.0,1.0,10.0,39.0,0.218,2.005,5.7,3
784,39.0,1.0,13.0,38.0,1.8969999999999998,1.485,8.9,5
785,41.0,1.0,21.0,76.0,6.949,8.631,20.5,1
786,29.0,3.0,1.0,30.0,0.27899999999999997,1.071,4.5,4
787,39.0,2.0,18.0,44.0,0.368,0.556,2.1,5
788,33.0,-0.1890641610744599,13.632735170956693,32.0,2.105,0.6232148479828545,11.3,3
789,33.0,2.0,8.0,27.0,1.646,1.0,9.8,3
790,39.0,1.0,0.0,39.0,1.0659999999999998,2.015,7.9,3
791,40.0,2.0,8.0,57.0,0.878,2.314,5.6,5
792,53.0,1.0,33.0,324.0,7.053,15.627,7.0,1
793,34.0,1.0,15.0,67.0,3.741,5.103,13.2,5
794,29.0,3.0,7.0,84.0,6.912000000000001,4.512,13.6,2
795,30.0,1.0,0.0,17.0,0.447,0.182,3.7,3
796,33.50995955572738,2.2630463367896594,0.1774234202018019,25.0,0.6454635016247539,-2.907753951094855,3.7,3
797,25.0,4.0,0.0,24.0,1.597,1.307,12.1,4
798,26.0,2.0,6.0,35.0,0.086,0.579,1.9,3
799,25.0,2.0,5.0,35.0,1.969,3.806,16.5,2
800,29.0,1.0,8.0,24.0,0.47,1.138,6.7,3
801,28.0,1.0,5.0,22.0,0.14,0.47600000000000003,2.8,3
802,48.0,1.0,30.0,101.0,1.875,4.5889999999999995,6.4,5
803,26.0,0.9936730882790782,0.0,14.0,0.302,0.748,7.5,3
804,36.0,1.0,4.0,23.0,1.327,2.4219999999999997,16.3,2
805,30.0,1.0,12.0,38.0,0.171,3.0589999999999997,8.5,3
806,41.0,1.0,1.0,19.0,0.242,0.594,4.4,3
807,34.0,3.0,13.0,52.0,1.4969999999999999,3.287,9.2,4
808,25.0,3.0,3.0,54.0,1.163,2.833,7.4,4
809,45.0,1.0,17.0,62.0,2.437,6.8629999999999995,15.0,5
810,22.0,1.0,4.0,19.0,1.8869999999999998,2.502,23.1,2
811,32.0,1.0,13.0,25.0,0.596,1.2790000000000001,7.5,3
812,21.0,2.0,1.0,17.0,0.555,1.23,10.5,3
813,34.0,1.0,6.0,20.0,0.042,0.198,1.2,3
814,31.0,1.0,10.0,49.0,3.237,1.565,9.8,3
815,33.0,1.0,7.0,22.0,0.631,0.777,6.4,3
816,40.0,2.0,2.0,36.0,0.278,1.09,3.8,3
817,36.0,2.0,6.0,27.0,0.262,0.98,4.6,3
818,30.0,2.0,2.0,26.0,0.249,0.7390000000000001,3.8,3
819,35.0,2.0,0.0,35.0,2.383,1.9569999999999999,12.4,3
820,36.0,0.48381216933365634,7.0,40.0,1.4932446245186273,2.265,8.93893667673605,3
821,37.0,1.0,4.0,24.0,0.419,2.989,14.2,3
822,32.0,1.0,16.0,38.0,0.6940000000000001,7.2860000000000005,21.0,2
823,45.0,1.0,3.0,20.0,0.105,0.315,2.1,3
824,27.0,4.0,0.0,25.0,1.419,1.756,12.7,4
825,41.0,2.0,4.0,26.0,1.473,3.5189999999999997,19.2,2
826,32.0,2.0,12.0,116.0,4.027,2.585,5.7,5
827,48.0,1.0,13.0,50.0,6.114,9.286,30.8,2
828,50.0,1.0,1.0,26.0,1.8519999999999999,1.8659999999999999,14.3,2
829,45.0,3.0,0.0,22.0,0.03,0.894,4.2,4
830,33.0,2.0,2.0,37.0,0.8340000000000001,0.831,4.5,3
831,33.0,1.0,13.0,52.0,2.714,8.362,21.3,2
832,27.0,2.0,8.0,18.0,0.401,1.7409999999999999,11.9,3
833,36.0,2.0,7.0,43.0,2.6489999999999996,3.9730000000000003,15.4,2
834,30.0,4.0,7.0,30.0,0.264,4.446000000000001,15.7,4
835,28.0,2.0,3.0,36.0,0.384,2.7119999999999997,8.6,3
836,21.0,3.0,0.0,41.0,2.367,5.627999999999999,19.5,2
837,23.0,2.0,3.0,24.0,0.552,0.96,6.3,3
838,23.0,1.0,7.0,22.0,0.8490000000000001,2.319,14.4,3
839,26.0,1.0,10.0,25.0,1.306,0.469,7.1,3
840,31.0,1.0,8.0,22.0,0.37,1.104,6.7,3
841,38.0,3.0,13.0,25.0,0.34299999999999997,1.082,5.7,4
842,29.0,3.0,7.0,63.0,0.5720000000000001,2.8930000000000002,5.5,4
843,32.0,1.0,14.0,36.0,0.273,0.591,2.4,3
844,32.0,2.0,8.0,45.0,0.982,0.6829999999999999,3.7,3
845,41.0,1.0,7.0,43.0,0.6940000000000001,1.198,4.4,3
846,27.0,1.0,5.0,26.0,0.5479999999999999,1.22,6.8,3
847,28.0,2.0,7.0,34.0,0.359,2.021,7.0,3
848,25.0,4.0,0.0,18.0,2.802,3.21,33.4,2
849,32.0,1.0,12.0,28.0,0.11599999999999999,0.696,2.9,3
850,52.0,1.0,16.0,64.0,1.8659999999999999,3.638,8.6,5
