confidence_percent,repeat,time_ms
20,1,0.425625
20,2,0.415583
20,3,0.417917
20,4,0.438167
20,5,0.423542
20,6,0.478
20,7,0.442958
20,8,0.404
20,9,0.440958
20,10,0.491916
20,11,0.402166
20,12,0.556291
20,13,0.405917
20,14,0.40125
20,15,0.404792
20,16,0.399834
20,17,0.40325
20,18,0.440542
20,19,0.400875
20,20,0.410209
20,21,0.44675
20,22,0.42925
20,23,0.417166
20,24,0.413791
20,25,0.414792
20,26,0.424375
20,27,0.41225
20,28,0.405459
20,29,0.413375
20,30,0.418125
20,31,0.406834
20,32,0.446125
20,33,0.469917
20,34,0.438833
20,35,0.406292
20,36,0.401792
20,37,0.413625
20,38,0.448333
20,39,0.419291
20,40,0.432125
20,41,0.408208
20,42,0.423375
20,43,0.451666
20,44,0.426625
20,45,0.414416
20,46,0.514
20,47,0.413709
20,48,0.412
20,49,0.414875
20,50,0.429875
20,51,0.420542
20,52,0.402375
20,53,0.46375
20,54,0.398708
20,55,0.470209
20,56,0.523333
20,57,0.402042
20,58,0.438458
20,59,0.428042
20,60,0.472
20,61,0.413292
20,62,0.410042
20,63,0.405833
20,64,0.437875
20,65,0.411625
20,66,0.431292
20,67,0.465292
20,68,0.416333
20,69,0.452042
20,70,0.478958
20,71,0.44425
20,72,0.41075
20,73,0.413292
20,74,0.421792
20,75,0.437125
20,76,0.434208
20,77,0.427
20,78,0.41375
20,79,0.46525
20,80,0.463792
20,81,0.438875
20,82,0.404416
20,83,0.417583
20,84,0.452959
20,85,0.446625
20,86,0.433666
20,87,0.425666
20,88,0.460167
20,89,0.438083
20,90,0.415541
20,91,0.41975
20,92,0.418708
20,93,0.401667
20,94,0.403
20,95,0.412292
20,96,0.420458
20,97,0.413542
20,98,0.41425
20,99,0.422333
20,100,0.41075
25,1,0.370042
25,2,0.405125
25,3,0.3735
25,4,0.371375
25,5,0.394416
25,6,0.409292
25,7,0.370084
25,8,0.376834
25,9,0.365375
25,10,0.369792
25,11,0.380708
25,12,0.376083
25,13,0.379708
25,14,0.3805
25,15,0.474334
25,16,0.399833
25,17,0.392583
25,18,0.373292
25,19,0.367959
25,20,0.37075
25,21,0.421417
25,22,0.386084
25,23,0.431792
25,24,0.377917
25,25,0.39325
25,26,0.382708
25,27,0.387125
25,28,0.407416
25,29,0.394334
25,30,0.379167
25,31,0.415083
25,32,0.457875
25,33,0.374709
25,34,0.380459
25,35,0.370291
25,36,0.382917
25,37,0.392584
25,38,0.372542
25,39,0.369458
25,40,0.369125
25,41,0.384834
25,42,0.371583
25,43,0.380417
25,44,0.381666
25,45,0.405209
25,46,0.386625
25,47,0.382834
25,48,0.382834
25,49,0.377084
25,50,0.401959
25,51,0.372917
25,52,0.400458
25,53,0.406167
25,54,0.402666
25,55,0.413667
25,56,0.375333
25,57,0.42
25,58,0.414042
25,59,0.382291
25,60,0.383417
25,61,0.379042
25,62,0.37475
25,63,0.385375
25,64,0.387333
25,65,0.412416
25,66,0.431208
25,67,0.442667
25,68,0.397959
25,69,0.392792
25,70,0.380875
25,71,0.374667
25,72,0.371333
25,73,0.417791
25,74,0.393625
25,75,0.370209
25,76,0.381708
25,77,0.414709
25,78,0.402416
25,79,0.412917
25,80,0.381583
25,81,0.414
25,82,0.409958
25,83,0.399667
25,84,0.401417
25,85,0.425709
25,86,0.368416
25,87,0.384084
25,88,0.387958
25,89,0.381625
25,90,0.388166
25,91,0.374125
25,92,0.382958
25,93,0.382084
25,94,0.382792
25,95,0.480625
25,96,0.376917
25,97,0.404584
25,98,0.393709
25,99,0.385834
25,100,0.377166
30,1,0.40075
30,2,0.355083
30,3,0.353875
30,4,0.360792
30,5,0.417375
30,6,0.400833
30,7,0.394208
30,8,0.386292
30,9,0.363625
30,10,0.384709
30,11,0.368125
30,12,0.353666
30,13,0.39125
30,14,0.361708
30,15,0.3765
30,16,0.353458
30,17,0.36525
30,18,0.359333
30,19,0.350792
30,20,0.596209
30,21,0.354834
30,22,0.358875
30,23,0.388125
30,24,0.393709
30,25,0.411458
30,26,0.379667
30,27,0.394292
30,28,0.407
30,29,0.360959
30,30,0.361166
30,31,0.361334
30,32,0.382584
30,33,0.355375
30,34,0.372125
30,35,0.399
30,36,0.407625
30,37,0.357792
30,38,0.411333
30,39,0.355459
30,40,0.368917
30,41,0.367291
30,42,0.45825
30,43,0.355333
30,44,0.416542
30,45,0.356459
30,46,0.35975
30,47,0.362708
30,48,0.415958
30,49,0.377792
30,50,0.363709
30,51,0.396458
30,52,0.371541
30,53,0.437417
30,54,0.362416
30,55,0.357583
30,56,0.355167
30,57,0.397958
30,58,0.384833
30,59,0.370375
30,60,0.386417
30,61,0.369792
30,62,0.357042
30,63,0.358291
30,64,0.514875
30,65,0.354041
30,66,0.359709
30,67,0.366083
30,68,0.367291
30,69,0.373542
30,70,0.399667
30,71,0.417542
30,72,0.360833
30,73,0.363459
30,74,0.365958
30,75,0.362375
30,76,0.365625
30,77,0.360958
30,78,0.505916
30,79,0.366667
30,80,0.37075
30,81,0.354209
30,82,0.393
30,83,0.362417
30,84,0.404625
30,85,0.354167
30,86,0.378
30,87,0.362209
30,88,0.366834
30,89,0.364541
30,90,0.36375
30,91,0.426125
30,92,0.38325
30,93,0.402875
30,94,0.389083
30,95,0.357208
30,96,0.36125
30,97,0.363209
30,98,0.379458
30,99,0.375792
30,100,0.410875
35,1,0.356666
35,2,0.342833
35,3,0.349584
35,4,0.350542
35,5,0.349333
35,6,0.392959
35,7,0.34025
35,8,0.351208
35,9,0.346917
35,10,0.354667
35,11,0.337458
35,12,0.346417
35,13,0.36175
35,14,0.339042
35,15,0.336583
35,16,0.420084
35,17,0.353209
35,18,0.382292
35,19,0.36775
35,20,0.373375
35,21,0.372125
35,22,0.397709
35,23,0.339833
35,24,0.346666
35,25,0.387583
35,26,0.367625
35,27,0.379083
35,28,0.391208
35,29,0.429541
35,30,0.340334
35,31,0.339417
35,32,0.339125
35,33,0.369416
35,34,0.337167
35,35,0.352541
35,36,0.3475
35,37,0.362792
35,38,0.359417
35,39,0.33975
35,40,0.338458
35,41,0.348625
35,42,0.391917
35,43,0.378
35,44,0.425583
35,45,0.338542
35,46,0.347458
35,47,0.349
35,48,0.367958
35,49,0.425166
35,50,0.360375
35,51,0.368084
35,52,0.404
35,53,0.364042
35,54,0.346041
35,55,0.35025
35,56,0.348125
35,57,0.34925
35,58,0.349
35,59,0.339833
35,60,0.356166
35,61,0.395834
35,62,0.347875
35,63,0.472083
35,64,0.380959
35,65,0.348959
35,66,0.387333
35,67,0.367125
35,68,0.380833
35,69,0.352166
35,70,0.349
35,71,0.36225
35,72,0.368916
35,73,0.349083
35,74,0.368458
35,75,0.527166
35,76,0.35075
35,77,0.349083
35,78,0.348875
35,79,0.3815
35,80,0.348583
35,81,0.35425
35,82,0.349541
35,83,0.392458
35,84,0.340625
35,85,0.353625
35,86,0.340791
35,87,0.349083
35,88,0.36275
35,89,0.357292
35,90,0.383167
35,91,0.353125
35,92,0.343166
35,93,0.353583
35,94,0.350917
35,95,0.364292
35,96,0.349958
35,97,0.362667
35,98,0.351458
35,99,0.468125
35,100,0.382667
40,1,0.404875
40,2,0.334833
40,3,0.335667
40,4,0.334417
40,5,0.331375
40,6,0.350208
40,7,0.341291
40,8,0.34575
40,9,0.341208
40,10,0.330041
40,11,0.330791
40,12,0.349125
40,13,0.39625
40,14,0.360916
40,15,0.332625
40,16,0.329
40,17,0.3415
40,18,0.349125
40,19,0.439542
40,20,0.332375
40,21,0.349584
40,22,0.333209
40,23,0.332834
40,24,0.361458
40,25,0.342
40,26,0.34875
40,27,0.330792
40,28,0.401083
40,29,0.349416
40,30,0.334583
40,31,0.330208
40,32,0.366417
40,33,0.340542
40,34,0.378333
40,35,0.379583
40,36,0.333875
40,37,0.333792
40,38,0.332375
40,39,0.426417
40,40,0.333042
40,41,0.339083
40,42,0.382875
40,43,0.373292
40,44,0.399875
40,45,0.359292
40,46,0.3385
40,47,0.342291
40,48,0.338083
40,49,0.346667
40,50,0.377583
40,51,0.364625
40,52,0.339958
40,53,0.344917
40,54,0.342458
40,55,0.367042
40,56,0.340833
40,57,0.372583
40,58,0.375042
40,59,0.383
40,60,0.339292
40,61,0.344292
40,62,0.360417
40,63,0.371333
40,64,0.382625
40,65,0.342375
40,66,0.336333
40,67,0.353958
40,68,0.429375
40,69,0.351916
40,70,0.333125
40,71,0.341333
40,72,0.360792
40,73,0.412834
40,74,0.396084
40,75,0.368584
40,76,0.360041
40,77,0.342708
40,78,0.353875
40,79,0.378708
40,80,0.37425
40,81,0.386416
40,82,0.361625
40,83,0.349875
40,84,0.33525
40,85,0.336042
40,86,0.401083
40,87,0.343041
40,88,0.406
40,89,0.340625
40,90,0.34375
40,91,0.344708
40,92,0.366708
40,93,0.396
40,94,0.332125
40,95,0.332041
40,96,0.336583
40,97,0.359583
40,98,0.343041
40,99,0.338625
40,100,0.354708
45,1,0.330791
45,2,0.329
45,3,0.327291
45,4,0.341792
45,5,0.33325
45,6,0.379917
45,7,0.334709
45,8,0.328458
45,9,0.361167
45,10,0.338625
45,11,0.334625
45,12,0.324667
45,13,0.326208
45,14,0.35875
45,15,0.383833
45,16,0.350917
45,17,0.346625
45,18,0.40625
45,19,0.329583
45,20,0.323875
45,21,0.333417
45,22,0.324292
45,23,0.327458
45,24,0.335625
45,25,0.348917
45,26,0.337291
45,27,0.36375
45,28,0.417542
45,29,0.338792
45,30,0.347458
45,31,0.333209
45,32,0.323291
45,33,0.364583
45,34,0.355875
45,35,0.33025
45,36,0.329875
45,37,0.354458
45,38,0.365667
45,39,0.34675
45,40,0.32475
45,41,0.324791
45,42,0.359792
45,43,0.365917
45,44,0.326708
45,45,0.348583
45,46,0.345375
45,47,0.373625
45,48,0.326375
45,49,0.420125
45,50,0.359
45,51,0.323792
45,52,0.336708
45,53,0.391167
45,54,0.3425
45,55,0.334417
45,56,0.385166
45,57,0.341584
45,58,0.340958
45,59,0.346208
45,60,0.341584
45,61,0.338125
45,62,0.3605
45,63,0.333875
45,64,0.404292
45,65,0.344
45,66,0.435833
45,67,0.373959
45,68,0.331708
45,69,0.327083
45,70,0.329458
45,71,0.326458
45,72,0.3675
45,73,0.354209
45,74,0.371833
45,75,0.376042
45,76,0.341083
45,77,0.44675
45,78,0.357
45,79,0.33125
45,80,0.374625
45,81,0.388042
45,82,0.334583
45,83,0.346375
45,84,0.381292
45,85,0.337625
45,86,0.335125
45,87,0.406292
45,88,0.339583
45,89,0.350334
45,90,0.341625
45,91,0.326167
45,92,0.341458
45,93,0.334
45,94,0.372458
45,95,0.37025
45,96,0.33425
45,97,0.3345
45,98,0.33325
45,99,0.3345
45,100,0.334917
50,1,0.322792
50,2,0.325625
50,3,0.338667
50,4,0.332
50,5,0.386375
50,6,0.339791
50,7,0.387125
50,8,0.435208
50,9,0.44075
50,10,0.341125
50,11,0.329417
50,12,0.351625
50,13,0.336708
50,14,0.3545
50,15,0.390917
50,16,0.375417
50,17,0.334166
50,18,0.403083
50,19,0.371041
50,20,0.324292
50,21,0.329958
50,22,0.334
50,23,0.326292
50,24,0.396708
50,25,0.362709
50,26,0.326083
50,27,0.324541
50,28,0.3225
50,29,0.374375
50,30,0.360625
50,31,0.348791
50,32,0.3335
50,33,0.378666
50,34,0.351375
50,35,0.400334
50,36,0.426375
50,37,0.323417
50,38,0.324334
50,39,0.36975
50,40,0.325833
50,41,0.328875
50,42,0.352041
50,43,0.327625
50,44,0.328875
50,45,0.340875
50,46,0.350709
50,47,0.347583
50,48,0.323834
50,49,0.350208
50,50,0.328041
50,51,0.367292
50,52,0.3685
50,53,0.333208
50,54,0.355833
50,55,0.36
50,56,0.362333
50,57,0.38775
50,58,0.356667
50,59,0.327583
50,60,0.321584
50,61,0.3235
50,62,0.327416
50,63,0.330875
50,64,0.34625
50,65,0.330084
50,66,0.363334
50,67,0.334083
50,68,0.331667
50,69,0.342166
50,70,0.326666
50,71,0.327792
50,72,0.324333
50,73,0.342125
50,74,0.385667
50,75,0.346542
50,76,0.350042
50,77,0.33
50,78,0.333375
50,79,0.370834
50,80,0.386541
50,81,0.340208
50,82,0.394084
50,83,0.325084
50,84,0.327791
50,85,0.366666
50,86,0.399334
50,87,0.38025
50,88,0.3465
50,89,0.386958
50,90,0.352709
50,91,0.351375
50,92,0.332375
50,93,0.336
50,94,0.327083
50,95,0.384583
50,96,0.331875
50,97,0.331958
50,98,0.352458
50,99,0.352292
50,100,0.330917
